Ethnic group,First dose administered,Second dose administered,Population,First dose uptake (%),Second dose administered (%),mumber of first dose to 90%,mumber of second dose to 90%
Asian,5928,5598,5568,106.46551724137932,100.53879310344827,-916.8000000000002,-586.8000000000002
European or Other,88101,80766,101986,86.38538622948248,79.19322259918027,3686.4000000000087,11021.400000000009
Maori,38246,30506,50486,75.75565503307847,60.424672186348694,7191.4000000000015,14931.400000000001
Pacific Peoples,2592,2194,2906,89.19476944253269,75.49896765313146,23.40000000000009,421.4000000000001
Unknown,528,452,277,190.61371841155236,163.17689530685922,-278.7,-202.7
